<?xml version="1.0" encoding="UTF-8"?>
<!DOCTYPE mapper
        PUBLIC "-//mybatis.org//DTD Mapper 3.0//EN"
        "http://mybatis.org/dtd/mybatis-3-mapper.dtd">
<mapper namespace="com.example.mapper.LogsMapper">

    <sql id="Base_Column_List">
        id,operation,username,type,ip,time
    </sql>

    <select id="selectAll" resultType="com.example.entity.Logs">
        select
        <include refid="Base_Column_List" />
        from logs
        <where>
            <if test="username != null"> and username like concat('%', #{username}, '%')</if>
            <if test="type != null"> and type like concat('%', #{type}, '%')</if>
        </where>
        order by id desc
    </select>

    <select id="selectById" resultType="com.example.entity.Logs">
        select
        <include refid="Base_Column_List" />
        from logs
        where id = #{id}
    </select>

    <delete id="deleteById">
        delete from logs
        where  id = #{id}
    </delete>

    <insert id="insert" parameterType="com.example.entity.Logs" useGeneratedKeys="true" keyProperty="id">
        insert into logs
        <trim prefix="(" suffix=")" suffixOverrides=",">
            <if test="id != null">id,</if>
            <if test="operation != null">operation,</if>
            <if test="username != null">username,</if>
            <if test="type != null">type,</if>
            <if test="ip != null">ip,</if>
            <if test="time != null">time,</if>
        </trim>
        <trim prefix="values (" suffix=")" suffixOverrides=",">
            <if test="id != null">#{id},</if>
            <if test="operation != null">#{operation},</if>
            <if test="username != null">#{username},</if>
            <if test="type != null">#{type},</if>
            <if test="ip != null">#{ip},</if>
            <if test="time != null">#{time},</if>
        </trim>
    </insert>

    <update id="updateById" parameterType="com.example.entity.Logs">
        update logs
        <set>
            <if test="operation != null">
                operation = #{operation},
            </if>
            <if test="username != null">
                username = #{username},
            </if>
            <if test="type != null">
                type = #{type},
            </if>
            <if test="ip != null">
                ip = #{ip},
            </if>
            <if test="time != null">
                time = #{time},
            </if>
        </set>
        where id = #{id}
    </update>

</mapper>